{
  "formatVersion": 1,
  "database": {
    "version": 1,
    "identityHash": "2f9afcf661c19660f21b897fb1c55079",
    "entities": [
      {
        "tableName": "cart",
        "createSql": "CREATE TABLE IF NOT EXISTS `${TABLE_NAME}` (`id` INTEGER PRIMARY KEY AUTOINCREMENT NOT NULL, `imageFood` INTEGER NOT NULL, `nameFood` TEXT NOT NULL, `harga` TEXT NOT NULL, `note` TEXT, `subtotal` INTEGER NOT NULL)",
        "fields": [
          {
            "fieldPath": "id",
            "columnName": "id",
            "affinity": "INTEGER",
            "notNull": true
          },
          {
            "fieldPath": "imageFood",
            "columnName": "imageFood",
            "affinity": "INTEGER",
            "notNull": true
          },
          {
            "fieldPath": "nameFood",
            "columnName": "nameFood",
            "affinity": "TEXT",
            "notNull": true
          },
          {
            "fieldPath": "harga",
            "columnName": "harga",
            "affinity": "TEXT",
            "notNull": true
          },
          {
            "fieldPath": "note",
            "columnName": "note",
            "affinity": "TEXT",
            "notNull": false
          },
          {
            "fieldPath": "subtotal",
            "columnName": "subtotal",
            "affinity": "INTEGER",
            "notNull": true
          }
        ],
        "primaryKey": {
          "autoGenerate": true,
          "columnNames": [
            "id"
          ]
        },
        "indices": [],
        "foreignKeys": []
      }
    ],
    "views": [],
    "setupQueries": [
      "CREATE TABLE IF NOT EXISTS room_master_table (id INTEGER PRIMARY KEY,identity_hash TEXT)",
      "INSERT OR REPLACE INTO room_master_table (id,identity_hash) VALUES(42, '2f9afcf661c19660f21b897fb1c55079')"
    ]
  }
}